{"cameraMode":{"drawMode":0,"name":"Shaded","section":"Shading Mode"},"sceneLighting":true,"audioPlay":false,"sceneViewState":{"showFog":true,"showMaterialUpdate":false,"showSkybox":true,"showFlares":true,"showImageEffects":true,"showParticleSystems":true},"in2DMode":false,"pivot":{"x":23.399999618530275,"y":-13.979475975036621,"z":4.400000095367432},"rotation":{"x":0.04466051608324051,"y":0.9300013184547424,"z":-0.12064362317323685,"w":0.34434473514556887},"size":0.9457213282585144,"orthographic":true}