{"cameraMode":{"drawMode":0,"name":"Shaded","section":"Shading Mode"},"sceneLighting":false,"audioPlay":false,"sceneViewState":{"showFog":true,"showMaterialUpdate":false,"showSkybox":false,"showFlares":true,"showImageEffects":true,"showParticleSystems":true},"in2DMode":false,"pivot":{"x":23.654325485229493,"y":-13.712308883666993,"z":3.1393635272979738},"rotation":{"x":-0.07223042845726013,"y":-0.7092263102531433,"z":0.07345257699489594,"w":-0.6974151134490967},"size":2.488704204559326,"orthographic":true}