{"cameraMode":{"drawMode":0,"name":"Shaded","section":"Shading Mode"},"sceneLighting":false,"audioPlay":false,"sceneViewState":{"showFog":true,"showMaterialUpdate":false,"showSkybox":false,"showFlares":true,"showImageEffects":true,"showParticleSystems":true},"in2DMode":false,"pivot":{"x":-7.729146480560303,"y":0.6889158487319946,"z":8.775564193725586},"rotation":{"x":0.05687183886766434,"y":-0.05837186798453331,"z":0.003330774838104844,"w":0.9966698288917542},"size":5.034336090087891,"orthographic":true}